dataset,strong_branching_limit,num_features,hl1,hl2,hl3,hl4,epochs,num_branch_callbacks,runtime
n4-3.mps.gz,360,7,10,10,10,10,20,2599,1079.740721

solution status,objective value
node_limit_feasible,8993.0

branch iter,predicted var
360,3439
361,3442
362,856
363,3457
364,3472
365,3529
366,3570
367,3520
368,33
369,846
370,158
371,3568
372,281
373,1199
374,3559
375,3499
376,3583
377,3469
378,3418
379,3583
380,15
381,637
382,245
383,210
384,1204
385,1208
386,485
387,238
388,3469
389,3404
390,482
391,698
392,724
393,1205
394,1262
395,1408
396,1208
397,482
398,3466
399,3000
400,116
401,3006
402,40
403,3466
404,3427
405,769
406,3430
407,1263
408,1208
409,783
410,3461
411,605
412,3404
413,2945
414,3462
415,2218
416,521
417,3466
418,683
419,1415
420,485
421,1026
422,3427
423,3427
424,481
425,521
426,3466
427,3466
428,3427
429,3466
430,1263
431,3427
432,3466
433,3427
434,562
435,3463
436,2713
437,3424
438,3427
439,3418
440,1204
441,3567
442,121
443,3002
444,3469
445,3176
446,3558
447,3469
448,3558
449,100
450,264
451,118
452,3469
453,3469
454,864
455,3567
456,763
457,1300
458,0
459,1920
460,3470
461,562
462,1415
463,3469
464,3567
465,3430
466,3568
467,257
468,605
469,3112
470,1262
471,1204
472,1263
473,3568
474,3469
475,245
476,1449
477,3466
478,3430
479,3466
480,869
481,3466
482,1982
483,3568
484,3577
485,245
486,1449
487,3427
488,1460
489,3466
490,3466
491,3427
492,3568
493,3550
494,711
495,3424
496,755
497,3475
498,3496
499,783
500,3469
501,131
502,479
503,3568
504,3568
505,3469
506,698
507,3466
508,2410
509,3373
510,3466
511,479
512,3469
513,562
514,3427
515,3427
516,3466
517,3427
518,3394
519,1499
520,869
521,3568
522,1975
523,1204
524,245
525,3427
526,1449
527,1408
528,1208
529,3466
530,3430
531,270
532,158
533,3466
534,3466
535,3430
536,1515
537,481
538,3466
539,1208
540,529
541,2379
542,270
543,733
544,3000
545,2410
546,2964
547,3466
548,99
549,791
550,2410
551,1437
552,1437
553,3466
554,3466
555,1417
556,901
557,2410
558,540
559,3466
560,521
561,270
562,1026
563,3466
564,3466
565,3466
566,3466
567,478
568,562
569,3427
570,3430
571,876
572,238
573,158
574,1262
575,566
576,3466
577,698
578,88
579,2008
580,1437
581,2410
582,3424
583,3466
584,15
585,546
586,158
587,698
588,2379
589,3469
590,1262
591,1439
592,158
593,1684
594,218
595,902
596,479
597,2410
598,277
599,2410
600,562
601,3466
602,698
603,3466
604,158
605,2627
606,3469
607,3430
608,2379
609,3466
610,745
611,75
612,264
613,3461
614,3427
615,3424
616,3182
617,133
618,3568
619,3568
620,3568
621,3373
622,1130
623,131
624,641
625,3567
626,1355
627,2625
628,3567
629,562
630,485
631,480
632,711
633,2814
634,571
635,131
636,3568
637,769
638,3369
639,3568
640,3022
641,3568
642,3568
643,3568
644,218
645,3373
646,3469
647,3559
648,1923
649,3469
650,3469
651,1262
652,3427
653,3384
654,3430
655,3466
656,929
657,3020
658,3020
659,157
660,1723
661,3430
662,562
663,3430
664,59
665,2814
666,3559
667,2162
668,1409
669,3559
670,1300
671,1325
672,3568
673,3568
674,3475
675,1325
676,378
677,919
678,3559
679,3475
680,3568
681,571
682,1206
683,1132
684,3496
685,1264
686,270
687,3496
688,3162
689,3568
690,1016
691,3496
692,835
693,1132
694,15
695,3430
696,131
697,3048
698,3430
699,3430
700,15
701,3430
702,1532
703,1209
704,3195
705,1557
706,1209
707,2162
708,3559
709,3577
710,841
711,2161
712,3568
713,3559
714,3162
715,3496
716,15
717,3430
718,2949
719,3559
720,3475
721,3583
722,3568
723,1132
724,3559
725,3496
726,1206
727,3559
728,257
729,3559
730,3475
731,3568
732,1204
733,3430
734,3559
735,3475
736,3369
737,3568
738,3559
739,373
740,15
741,3568
742,3475
743,1115
744,1194
745,1105
746,158
747,1206
748,2814
749,1325
750,3559
751,3475
752,3577
753,674
754,3568
755,864
756,3568
757,40
758,238
759,3559
760,3559
761,238
762,3558
763,3558
764,282
765,562
766,1181
767,3466
768,3466
769,40
770,3567
771,3558
772,3239
773,3559
774,3568
775,3496
776,3176
777,562
778,916
779,1204
780,3496
781,15
782,3559
783,3567
784,1204
785,566
786,568
787,3496
788,2888
789,3559
790,3559
791,3424
792,479
793,3559
794,3559
795,3568
796,29
797,3568
798,3430
799,3568
800,3568
801,1498
802,1263
803,2410
804,3427
805,3568
806,3466
807,958
808,676
809,3195
810,566
811,1206
812,3416
813,3466
814,3021
815,1204
816,15
817,1442
818,745
819,3568
820,571
821,745
822,745
823,2302
824,2395
825,99
826,2886
827,825
828,3466
829,1684
830,1300
831,15
832,15
833,1815
834,2420
835,990
836,1742
837,3466
838,1815
839,2584
840,901
841,901
842,958
843,2584
844,3430
845,90
846,3466
847,1
848,1684
849,1683
850,3568
851,15
852,3567
853,2393
854,3398
855,3466
856,1684
857,546
858,1300
859,901
860,3418
861,3430
862,3430
863,3466
864,1684
865,546
866,1300
867,1982
868,872
869,15
870,32
871,3466
872,1684
873,133
874,2420
875,2584
876,133
877,2584
878,3430
879,2886
880,667
881,158
882,1742
883,3466
884,1
885,133
886,2584
887,1250
888,1684
889,2584
890,2584
891,3466
892,133
893,1699
894,2584
895,2584
896,958
897,2584
898,3430
899,698
900,3427
901,3568
902,3568
903,1415
904,3568
905,1815
906,3519
907,2814
908,2944
909,562
910,1683
911,3469
912,2944
913,1035
914,1315
915,1757
916,158
917,3427
918,2944
919,1815
920,3475
921,3475
922,3559
923,1950
924,210
925,958
926,1950
927,3469
928,3469
929,88
930,3469
931,3466
932,879
933,90
934,3466
935,2478
936,60
937,1
938,133
939,3567
940,3418
941,7
942,864
943,3567
944,1923
945,2944
946,1815
947,3427
948,282
949,3466
950,3466
951,2584
952,3
953,15
954,2584
955,2814
956,3427
957,3369
958,3430
959,15
960,3466
961,3475
962,15
963,568
964,3466
965,218
966,3537
967,281
968,850
969,3475
970,15
971,568
972,568
973,3427
974,2814
975,3427
976,3466
977,3475
978,3427
979,864
980,3568
981,3567
982,1204
983,3469
984,282
985,1815
986,3568
987,675
988,1723
989,1723
990,3568
991,3519
992,2814
993,1204
994,783
995,2584
996,561
997,916
998,2944
999,3427
1000,1815
1001,32
1002,3568
1003,3568
1004,864
1005,32
1006,32
1007,88
1008,1815
1009,3568
1010,3466
1011,3466
1012,1950
1013,1554
1014,2944
1015,3427
1016,1815
1017,2814
1018,3162
1019,3568
1020,2814
1021,3162
1022,725
1023,2411
1024,3568
1025,3469
1026,3466
1027,1
1028,1815
1029,794
1030,3568
1031,2944
1032,1815
1033,5
1034,218
1035,3404
1036,3568
1037,783
1038,1300
1039,1300
1040,2161
1041,3568
1042,1204
1043,3002
1044,479
1045,2990
1046,1839
1047,1320
1048,282
1049,674
1050,3466
1051,1
1052,3568
1053,2411
1054,1839
1055,1839
1056,3519
1057,3466
1058,1
1059,3568
1060,3424
1061,3466
1062,1950
1063,1204
1064,2814
1065,3568
1066,546
1067,1815
1068,1815
1069,3427
1070,872
1071,1513
1072,378
1073,1442
1074,1815
1075,3427
1076,3475
1077,121
1078,3466
1079,91
1080,3427
1081,3475
1082,3430
1083,958
1084,3466
1085,3466
1086,1815
1087,3466
1088,546
1089,3398
1090,3427
1091,3568
1092,2162
1093,3466
1094,3427
1095,3466
1096,32
1097,3568
1098,148
1099,3162
1100,3568
1101,546
1102,2888
1103,3466
1104,3568
1105,1815
1106,133
1107,1815
1108,2888
1109,2888
1110,2888
1111,1467
1112,568
1113,32
1114,3568
1115,133
1116,1815
1117,1839
1118,1723
1119,1839
1120,1815
1121,3519
1122,3568
1123,1815
1124,3519
1125,133
1126,1815
1127,1320
1128,2169
1129,1320
1130,1300
1131,3002
1132,3466
1133,1
1134,1684
1135,3567
1136,7
1137,3567
1138,1333
1139,2944
1140,1815
1141,3398
1142,2814
1143,3427
1144,3568
1145,1513
1146,3466
1147,3568
1148,1839
1149,3466
1150,3466
1151,1436
1152,270
1153,3568
1154,3466
1155,1258
1156,3475
1157,3562
1158,3466
1159,270
1160,3475
1161,3466
1162,3562
1163,3182
1164,3568
1165,793
1166,2169
1167,3466
1168,1299
1169,3568
1170,3466
1171,3583
1172,3568
1173,3398
1174,675
1175,675
1176,561
1177,1815
1178,3568
1179,2162
1180,796
1181,675
1182,3568
1183,1205
1184,1723
1185,567
1186,1723
1187,3519
1188,1815
1189,90
1190,916
1191,2944
1192,3466
1193,1
1194,2420
1195,156
1196,3577
1197,2814
1198,3568
1199,1300
1200,958
1201,958
1202,3568
1203,1224
1204,3466
1205,3466
1206,1554
1207,2944
1208,3466
1209,1
1210,2420
1211,156
1212,2814
1213,3568
1214,1300
1215,958
1216,958
1217,3562
1218,3568
1219,2584
1220,3404
1221,958
1222,2944
1223,210
1224,2828
1225,3466
1226,1
1227,864
1228,3567
1229,2814
1230,3162
1231,3466
1232,1
1233,2584
1234,282
1235,725
1236,3004
1237,2465
1238,3466
1239,1684
1240,87
1241,3568
1242,3562
1243,1839
1244,3427
1245,3568
1246,3469
1247,3466
1248,1
1249,2408
1250,3004
1251,3466
1252,1
1253,3466
1254,9
1255,3427
1256,15
1257,3398
1258,5
1259,3466
1260,3466
1261,3567
1262,3466
1263,3567
1264,2584
1265,3466
1266,3567
1267,3466
1268,1684
1269,3567
1270,3466
1271,1
1272,3567
1273,1250
1274,3398
1275,3568
1276,522
1277,3466
1278,122
1279,3475
1280,2008
1281,3214
1282,3466
1283,1723
1284,3466
1285,796
1286,2477
1287,1723
1288,725
1289,3466
1290,2944
1291,3567
1292,3427
1293,1723
1294,1436
1295,218
1296,2465
1297,1251
1298,3466
1299,90
1300,916
1301,2584
1302,257
1303,3568
1304,3519
1305,1498
1306,238
1307,1250
1308,277
1309,3568
1310,3519
1311,1498
1312,238
1313,1250
1314,2944
1315,568
1316,3427
1317,3466
1318,2814
1319,270
1320,270
1321,3427
1322,3182
1323,3430
1324,3550
1325,88
1326,3466
1327,3466
1328,3568
1329,3519
1330,3424
1331,2944
1332,2707
1333,2814
1334,3398
1335,1016
1336,1028
1337,270
1338,1923
1339,218
1340,3568
1341,696
1342,122
1343,3466
1344,3519
1345,986
1346,3475
1347,3466
1348,945
1349,3583
1350,3162
1351,3475
1352,958
1353,3466
1354,3466
1355,3475
1356,378
1357,3466
1358,15
1359,3568
1360,3519
1361,2379
1362,3466
1363,3466
1364,270
1365,1923
1366,218
1367,3568
1368,1839
1369,2162
1370,675
1371,3519
1372,986
1373,3475
1374,958
1375,3466
1376,123
1377,3466
1378,3466
1379,3162
1380,796
1381,796
1382,3475
1383,281
1384,958
1385,3466
1386,3466
1387,3475
1388,281
1389,958
1390,3466
1391,123
1392,3466
1393,3466
1394,3568
1395,3519
1396,1839
1397,87
1398,3466
1399,1923
1400,3568
1401,3519
1402,3369
1403,1028
1404,3424
1405,3568
1406,3519
1407,1839
1408,1320
1409,478
1410,1016
1411,3568
1412,3424
1413,3519
1414,3162
1415,3427
1416,3369
1417,3466
1418,378
1419,5
1420,1742
1421,3568
1422,120
1423,3568
1424,3466
1425,3427
1426,784
1427,1204
1428,1480
1429,725
1430,3427
1431,3466
1432,3430
1433,131
1434,3568
1435,909
1436,3466
1437,1538
1438,1190
1439,2524
1440,668
1441,1440
1442,262
1443,1306
1444,1944
1445,3568
1446,3562
1447,1839
1448,1886
1449,552
1450,1248
1451,2234
1452,2292
1453,3427
1454,3466
1455,3430
1456,2060
1457,546
1458,3469
1459,3567
1460,864
1461,32
1462,3466
1463,1684
1464,3427
1465,3466
1466,1204
1467,3567
1468,1204
1469,2411
1470,2411
1471,1204
1472,698
1473,835
1474,3466
1475,698
1476,3466
1477,3466
1478,3427
1479,1258
1480,1181
1481,3427
1482,1258
1483,2060
1484,3427
1485,3469
1486,3475
1487,87
1488,864
1489,703
1490,3496
1491,15
1492,872
1493,735
1494,3427
1495,122
1496,698
1497,783
1498,3567
1499,3427
1500,1208
1501,991
1502,3567
1503,373
1504,728
1505,3466
1506,3475
1507,3427
1508,3466
1509,986
1510,3475
1511,3214
1512,3466
1513,864
1514,30
1515,3427
1516,698
1517,1839
1518,1944
1519,3427
1520,961
1521,3559
1522,3567
1523,3427
1524,3424
1525,958
1526,3475
1527,1204
1528,3002
1529,568
1530,3427
1531,3369
1532,1839
1533,1839
1534,157
1535,30
1536,958
1537,819
1538,3466
1539,1306
1540,30
1541,2292
1542,2640
1543,726
1544,835
1545,3475
1546,3469
1547,3427
1548,958
1549,3568
1550,1204
1551,3427
1552,3466
1553,15
1554,3427
1555,3568
1556,3469
1557,3475
1558,15
1559,2292
1560,3427
1561,3568
1562,3475
1563,3427
1564,3568
1565,1839
1566,2292
1567,320
1568,3475
1569,1204
1570,262
1571,1944
1572,1886
1573,3427
1574,1026
1575,3
1576,2060
1577,3466
1578,1684
1579,3562
1580,3568
1581,3466
1582,3427
1583,5
1584,3
1585,3427
1586,674
1587,3430
1588,3568
1589,1204
1590,3002
1591,847
1592,3519
1593,3568
1594,546
1595,568
1596,3427
1597,668
1598,1299
1599,961
1600,961
1601,3427
1602,698
1603,3466
1604,3466
1605,3475
1606,478
1607,3427
1608,961
1609,3469
1610,3469
1611,3568
1612,2814
1613,3568
1614,3583
1615,3424
1616,3568
1617,3427
1618,3583
1619,3466
1620,1
1621,2420
1622,3430
1623,1554
1624,2584
1625,2944
1626,2707
1627,2814
1628,3568
1629,204
1630,1300
1631,1380
1632,1204
1633,3568
1634,1204
1635,3176
1636,1320
1637,1258
1638,2814
1639,3398
1640,1016
1641,1028
1642,270
1643,1923
1644,218
1645,3568
1646,568
1647,121
1648,121
1649,3519
1650,986
1651,3475
1652,3583
1653,3214
1654,3466
1655,3466
1656,3475
1657,3583
1658,3466
1659,945
1660,3475
1661,3162
1662,3466
1663,15
1664,3568
1665,546
1666,3466
1667,270
1668,1923
1669,218
1670,3568
1671,1300
1672,1380
1673,15
1674,3519
1675,986
1676,3475
1677,958
1678,3466
1679,123
1680,3466
1681,3466
1682,3475
1683,283
1684,958
1685,3466
1686,3466
1687,3475
1688,3162
1689,15
1690,1772
1691,958
1692,3466
1693,123
1694,3466
1695,3466
1696,3568
1697,546
1698,3424
1699,1923
1700,3568
1701,546
1702,1380
1703,847
1704,796
1705,3568
1706,3519
1707,2169
1708,796
1709,3424
1710,3466
1711,1016
1712,3568
1713,3424
1714,546
1715,3162
1716,3427
1717,3466
1718,850
1719,378
1720,1480
1721,725
1722,3427
1723,3466
1724,3430
1725,131
1726,3568
1727,546
1728,1839
1729,1320
1730,3176
1731,3568
1732,3466
1733,3427
1734,5
1735,3496
1736,3427
1737,961
1738,3469
1739,3469
1740,32
1741,864
1742,3568
1743,3568
1744,864
1745,3568
1746,148
1747,3404
1748,1038
1749,3466
1750,1
1751,2420
1752,1250
1753,257
1754,3568
1755,3519
1756,3427
1757,277
1758,3568
1759,3519
1760,3427
1761,2944
1762,3427
1763,2814
1764,270
1765,3567
1766,961
1767,3466
1768,3469
1769,3568
1770,3562
1771,15
1772,1204
1773,1204
1774,2944
1775,3398
1776,3475
1777,958
1778,3466
1779,3466
1780,2814
1781,3162
1782,3182
1783,3568
1784,522
1785,2411
1786,2169
1787,3519
1788,1950
1789,2828
1790,2584
1791,3466
1792,1
1793,3430
1794,3430
1795,1204
1796,3466
1797,1
1798,3430
1799,156
1800,2814
1801,3162
1802,2584
1803,3427
1804,3369
1805,1264
1806,3568
1807,1496
1808,3466
1809,3567
1810,3466
1811,1
1812,2584
1813,1802
1814,3466
1815,1684
1816,3466
1817,3567
1818,3466
1819,65
1820,3567
1821,2584
1822,3466
1823,1684
1824,3430
1825,3568
1826,3583
1827,17
1828,796
1829,1199
1830,1204
1831,725
1832,3466
1833,546
1834,705
1835,218
1836,3427
1837,3430
1838,3466
1839,929
1840,958
1841,3466
1842,3466
1843,3427
1844,3430
1845,1208
1846,3466
1847,3567
1848,825
1849,1757
1850,90
1851,2944
1852,3427
1853,3466
1854,3424
1855,783
1856,3427
1857,958
1858,3469
1859,3466
1860,3567
1861,848
1862,3427
1863,3424
1864,711
1865,958
1866,3469
1867,3469
1868,1815
1869,3466
1870,785
1871,642
1872,3567
1873,3567
1874,3466
1875,916
1876,546
1877,3427
1878,1264
1879,3466
1880,3466
1881,3568
1882,158
1883,851
1884,1291
1885,3427
1886,916
1887,3475
1888,3475
1889,1204
1890,3466
1891,735
1892,3466
1893,3466
1894,3427
1895,3568
1896,724
1897,916
1898,2944
1899,3475
1900,1204
1901,3559
1902,3496
1903,3475
1904,1554
1905,29
1906,210
1907,1380
1908,1496
1909,2814
1910,2944
1911,3568
1912,1175
1913,284
1914,3496
1915,3559
1916,3558
1917,2944
1918,3568
1919,1224
1920,3559
1921,783
1922,133
1923,864
1924,864
1925,2944
1926,133
1927,1699
1928,2469
1929,1815
1930,3424
1931,2469
1932,3559
1933,3466
1934,3496
1935,15
1936,3398
1937,3182
1938,3427
1939,88
1940,3568
1941,1204
1942,3002
1943,1300
1944,1532
1945,3568
1946,373
1947,3466
1948,3466
1949,916
1950,133
1951,3568
1952,3430
1953,3558
1954,3496
1955,3424
1956,3466
1957,149
1958,15
1959,546
1960,3369
1961,3369
1962,133
1963,3567
1964,3000
1965,158
1966,1742
1967,3466
1968,1
1969,133
1970,2584
1971,1250
1972,1684
1973,2584
1974,2584
1975,3466
1976,1031
1977,238
1978,133
1979,1699
1980,2584
1981,2584
1982,958
1983,2584
1984,3430
1985,698
1986,3427
1987,3559
1988,3475
1989,1205
1990,3567
1991,1510
1992,3568
1993,1415
1994,3568
1995,1815
1996,3583
1997,2814
1998,2944
1999,238
2000,2944
2001,483
2002,3469
2003,3469
2004,3466
2005,158
2006,90
2007,3427
2008,3559
2009,3568
2010,3466
2011,3475
2012,3559
2013,32
2014,3567
2015,3427
2016,3559
2017,841
2018,2163
2019,3466
2020,958
2021,1757
2022,3466
2023,1011
2024,2914
2025,1
2026,15
2027,3567
2028,1806
2029,1684
2030,2584
2031,1299
2032,3466
2033,1684
2034,1
2035,2584
2036,2584
2037,15
2038,3430
2039,1683
2040,2393
2041,99
2042,783
2043,282
2044,158
2045,90
2046,3466
2047,3567
2048,133
2049,133
2050,3568
2051,3583
2052,480
2053,3469
2054,3469
2055,90
2056,2582
2057,1815
2058,698
2059,1291
2060,3568
2061,1146
2062,3562
2063,3568
2064,3562
2065,1026
2066,3568
2067,3562
2068,479
2069,901
2070,1408
2071,698
2072,1684
2073,3568
2074,480
2075,479
2076,1204
2077,15
2078,2411
2079,3466
2080,15
2081,3568
2082,879
2083,480
2084,1204
2085,1204
2086,916
2087,1554
2088,3568
2089,15
2090,3427
2091,479
2092,3568
2093,15
2094,3427
2095,3568
2096,3562
2097,480
2098,1291
2099,2162
2100,1315
2101,3568
2102,480
2103,1204
2104,1258
2105,3562
2106,2161
2107,3568
2108,480
2109,2411
2110,3427
2111,3427
2112,3469
2113,3562
2114,3568
2115,3562
2116,480
2117,3466
2118,2584
2119,2582
2120,3568
2121,3562
2122,479
2123,673
2124,1802
2125,3427
2126,3568
2127,3427
2128,2465
2129,3562
2130,3568
2131,2614
2132,480
2133,293
2134,540
2135,3427
2136,3466
2137,2886
2138,911
2139,277
2140,257
2141,238
2142,1028
2143,3466
2144,729
2145,1684
2146,546
2147,133
2148,3568
2149,3466
2150,1208
2151,1684
2152,546
2153,1815
2154,3568
2155,3466
2156,3567
2157,1815
2158,1815
2159,729
2160,3466
2161,1
2162,546
2163,1683
2164,15
2165,3466
2166,1
2167,546
2168,1683
2169,15
2170,277
2171,3466
2172,1
2173,15
2174,7
2175,257
2176,3466
2177,1
2178,15
2179,7
2180,238
2181,3466
2182,1
2183,15
2184,3398
2185,90
2186,3427
2187,1250
2188,1815
2189,3424
2190,3424
2191,3424
2192,3559
2193,3549
2194,916
2195,3466
2196,1554
2197,3568
2198,293
2199,3427
2200,3427
2201,1815
2202,3562
2203,277
2204,3466
2205,1684
2206,133
2207,2707
2208,133
2209,864
2210,3568
2211,66
2212,3562
2213,3562
2214,257
2215,3466
2216,1684
2217,133
2218,2707
2219,133
2220,864
2221,3568
2222,66
2223,3562
2224,3562
2225,1409
2226,238
2227,2944
2228,3466
2229,1684
2230,568
2231,3466
2232,2584
2233,15
2234,15
2235,2944
2236,3466
2237,1300
2238,1
2239,1501
2240,3466
2241,3567
2242,1815
2243,1815
2244,2944
2245,1224
2246,1920
2247,158
2248,3496
2249,1815
2250,3466
2251,3469
2252,478
2253,3583
2254,3577
2255,122
2256,90
2257,3568
2258,40
2259,2940
2260,3568
2261,40
2262,478
2263,1684
2264,121
2265,3469
2266,3466
2267,2022
2268,1684
2269,2411
2270,3568
2271,1300
2272,3583
2273,3568
2274,293
2275,1208
2276,3466
2277,3469
2278,986
2279,3568
2280,479
2281,3427
2282,293
2283,3568
2284,478
2285,90
2286,3466
2287,3466
2288,2222
2289,2384
2290,3469
2291,698
2292,17
2293,642
2294,1806
2295,1799
2296,90
2297,1815
2298,540
2299,2411
2300,911
2301,3466
2302,1684
2303,210
2304,3466
2305,470
2306,3568
2307,3583
2308,3466
2309,2411
2310,3466
2311,3398
2312,3568
2313,2161
2314,3006
2315,480
2316,540
2317,2411
2318,3568
2319,3583
2320,1208
2321,901
2322,479
2323,3466
2324,1449
2325,2411
2326,911
2327,3466
2328,1449
2329,3466
2330,210
2331,3398
2332,3568
2333,3583
2334,480
2335,2162
2336,482
2337,3466
2338,15
2339,2546
2340,90
2341,3568
2342,3466
2343,3519
2344,2222
2345,1502
2346,3466
2347,1815
2348,66
2349,3466
2350,1684
2351,2582
2352,3466
2353,2218
2354,3466
2355,3567
2356,3466
2357,3398
2358,2546
2359,90
2360,3568
2361,2169
2362,674
2363,28
2364,2841
2365,2222
2366,1502
2367,3466
2368,1815
2369,210
2370,3466
2371,1684
2372,2582
2373,3466
2374,2218
2375,3466
2376,3567
2377,3466
2378,3398
2379,90
2380,3427
2381,2509
2382,825
2383,828
2384,157
2385,148
2386,3568
2387,1723
2388,15
2389,989
2390,711
2391,3568
2392,3583
2393,901
2394,158
2395,1250
2396,3427
2397,238
2398,916
2399,1554
2400,3466
2401,1684
2402,1815
2403,1815
2404,3466
2405,66
2406,3577
2407,303
2408,1684
2409,1300
2410,133
2411,3466
2412,149
2413,1684
2414,1815
2415,1815
2416,90
2417,1815
2418,3568
2419,1975
2420,481
2421,1300
2422,122
2423,3568
2424,3583
2425,3466
2426,3427
2427,3568
2428,3466
2429,568
2430,90
2431,2584
2432,158
2433,674
2434,3568
2435,3466
2436,40
2437,1258
2438,3568
2439,3424
2440,1178
2441,40
2442,1208
2443,3427
2444,3550
2445,1724
2446,88
2447,3466
2448,961
2449,121
2450,3469
2451,3466
2452,65
2453,3568
2454,3583
2455,478
2456,3424
2457,479
2458,2162
2459,3424
2460,3466
2461,3418
2462,133
2463,133
2464,158
2465,3568
2466,1224
2467,3427
2468,40
2469,3466
2470,15
2471,133
2472,133
2473,158
2474,1208
2475,2218
2476,3427
2477,3475
2478,675
2479,3466
2480,3466
2481,522
2482,698
2483,864
2484,3466
2485,66
2486,1554
2487,3568
2488,3466
2489,3466
2490,3568
2491,1684
2492,918
2493,3568
2494,3466
2495,3567
2496,2998
2497,1258
2498,698
2499,3568
2500,3469
2501,3568
2502,3466
2503,3568
2504,1757
2505,3568
2506,735
2507,3427
2508,3427
2509,643
2510,3568
2511,3577
2512,2639
2513,1178
2514,3427
2515,2888
2516,1742
2517,3427
2518,825
2519,90
2520,3398
2521,15
2522,3427
2523,5
2524,3398
2525,148
2526,3568
2527,3568
2528,3466
2529,3568
2530,1442
2531,546
2532,546
2533,3466
2534,1502
2535,1684
2536,133
2537,3568
2538,2420
2539,133
2540,3568
2541,3568
2542,158
2543,3427
2544,3182
2545,916
2546,3559
2547,3559
2548,2814
2549,3568
2550,3430
2551,3466
2552,958
2553,916
2554,3466
2555,1204
2556,1
2557,1683
2558,1507
2559,1
2560,901
2561,3430
2562,1554
2563,3466
2564,3562
2565,1204
2566,1
2567,1683
2568,1507
2569,1
2570,3430
2571,901
2572,1315
2573,3466
2574,1299
2575,15
2576,3568
2577,1799
2578,1
2579,3000
2580,3000
2581,3466
2582,15
2583,1684
2584,3430
360,0
361,0
362,0
363,0
364,0
365,0
366,0
367,0
368,0
369,0
370,0
371,0
372,0
373,0
374,0
375,0
376,0
377,0
378,0
379,0
380,0
381,0
382,0
383,0
384,0
385,0
386,0
387,0
388,0
389,0
390,0
391,0
392,0
393,0
394,0
395,0
396,0
397,0
398,0
399,0
400,0
401,0
402,0
403,0
404,0
405,0
406,0
407,0
408,0
409,0
410,0
411,0
412,0
413,0
414,0
415,0
416,0
417,0
418,0
419,0
420,0
421,0
422,0
423,0
424,0
425,0
426,0
427,0
428,0
429,0
430,0
431,0
432,0
433,0
434,0
435,0
436,0
437,0
438,0
439,0
440,0
441,0
442,0
443,0
444,0
445,0
446,0
447,0
448,0
449,0
450,0
451,0
452,0
453,0
454,0
455,0
456,0
457,0
458,0
459,0
460,0
461,0
462,0
463,0
464,0
465,0
466,0
467,0
468,0
469,0
470,0
471,0
472,0
473,0
474,0
475,0
476,0
477,0
478,0
479,0
480,0
481,0
482,0
483,0
484,0
485,0
486,0
487,0
488,0
489,0
490,0
491,0
492,0
493,0
494,0
495,0
496,0
497,0
498,0
499,0
500,0
501,0
502,0
503,0
504,0
505,0
506,0
507,0
508,0
509,0
510,0
511,0
512,0
513,0
514,0
515,0
516,0
517,0
518,0
519,0
520,0
521,0
522,0
523,0
524,0
525,0
526,0
527,0
528,0
529,0
530,0
531,0
532,0
533,0
534,0
535,0
536,0
537,0
538,0
539,0
540,0
541,0
542,0
543,0
544,0
545,0
546,0
547,0
548,0
549,0
550,0
551,0
552,0
553,0
554,0
555,0
556,0
557,0
558,0
559,0
560,0
561,0
562,0
563,0
564,0
565,0
566,0
567,0
568,0
569,0
570,0
571,0
572,0
573,0
574,0
575,0
576,0
577,0
578,0
579,0
580,0
581,0
582,0
583,0
584,0
585,0
586,0
587,0
588,0
589,0
590,0
591,0
592,0
593,0
594,0
595,0
596,0
597,0
598,0
599,0
600,0
601,0
602,0
603,0
604,0
605,0
606,0
607,0
608,0
609,0
610,0
611,0
612,0
613,0
614,0
615,0
616,0
617,0
618,0
619,0
620,0
621,0
622,0
623,0
624,0
625,0
626,0
627,0
628,0
629,0
630,0
631,0
632,0
633,0
634,0
635,0
636,0
637,0
638,0
639,0
640,0
641,0
642,0
643,0
644,0
645,0
646,0
647,0
648,0
649,0
650,0
651,0
652,0
653,0
654,0
655,0
656,0
657,0
658,0
659,0
660,0
661,0
662,0
663,0
664,0
665,0
666,0
667,0
668,0
669,0
670,0
671,0
672,0
673,0
674,0
675,0
676,0
677,0
678,0
679,0
680,0
681,0
682,0
683,0
684,0
685,0
686,0
687,0
688,0
689,0
690,0
691,0
692,0
693,0
694,0
695,0
696,0
697,0
698,0
699,0
700,0
701,0
702,0
703,0
704,0
705,0
706,0
707,0
708,0
709,0
710,0
711,0
712,0
713,0
714,0
715,0
716,0
717,0
718,0
719,0
720,0
721,0
722,0
723,0
724,0
725,0
726,0
727,0
728,0
729,0
730,0
731,0
732,0
733,0
734,0
735,0
736,0
737,0
738,0
739,0
740,0
741,0
742,0
743,0
744,0
745,0
746,0
747,0
748,0
749,0
750,0
751,0
752,0
753,0
754,0
755,0
756,0
757,0
758,0
759,0
760,0
761,0
762,0
763,0
764,0
765,0
766,0
767,0
768,0
769,0
770,0
771,0
772,0
773,0
774,0
775,0
776,0
777,0
778,0
779,0
780,0
781,0
782,0
783,0
784,0
785,0
786,0
787,0
788,0
789,0
790,0
791,0
792,0
793,0
794,0
795,0
796,0
797,0
798,0
799,0
800,0
801,0
802,0
803,0
804,0
805,0
806,0
807,0
808,0
809,0
810,0
811,0
812,0
813,0
814,0
815,0
816,0
817,0
818,0
819,0
820,0
821,0
822,0
823,0
824,0
825,0
826,0
827,0
828,0
829,0
830,0
831,0
832,0
833,0
834,0
835,0
836,0
837,0
838,0
839,0
840,0
841,0
842,0
843,0
844,0
845,0
846,0
847,0
848,0
849,0
850,0
851,0
852,0
853,0
854,0
855,0
856,0
857,0
858,0
859,0
860,0
861,0
862,0
863,0
864,0
865,0
866,0
867,0
868,0
869,0
870,0
871,0
872,0
873,0
874,0
875,0
876,0
877,0
878,0
879,0
880,0
881,0
882,0
883,0
884,0
885,0
886,0
887,0
888,0
889,0
890,0
891,0
892,0
893,0
894,0
895,0
896,0
897,0
898,0
899,0
900,0
901,0
902,0
903,0
904,0
905,0
906,0
907,0
908,0
909,0
910,0
911,0
912,0
913,0
914,0
915,0
916,0
917,0
918,0
919,0
920,0
921,0
922,0
923,0
924,0
925,0
926,0
927,0
928,0
929,0
930,0
931,0
932,0
933,0
934,0
935,0
936,0
937,0
938,0
939,0
940,0
941,0
942,0
943,0
944,0
945,0
946,0
947,0
948,0
949,0
950,0
951,0
952,0
953,0
954,0
955,0
956,0
957,0
958,0
959,0
960,0
961,0
962,0
963,0
964,0
965,0
966,0
967,0
968,0
969,0
970,0
971,0
972,0
973,0
974,0
975,0
976,0
977,0
978,0
979,0
980,0
981,0
982,0
983,0
984,0
985,0
986,0
987,0
988,0
989,0
990,0
991,0
992,0
993,0
994,0
995,0
996,0
997,0
998,0
999,0
1000,0
1001,0
1002,0
1003,0
1004,0
1005,0
1006,0
1007,0
1008,0
1009,0
1010,0
1011,0
1012,0
1013,0
1014,0
1015,0
1016,0
1017,0
1018,0
1019,0
1020,0
1021,0
1022,0
1023,0
1024,0
1025,0
1026,0
1027,0
1028,0
1029,0
1030,0
1031,0
1032,0
1033,0
1034,0
1035,0
1036,0
1037,0
1038,0
1039,0
1040,0
1041,0
1042,0
1043,0
1044,0
1045,0
1046,0
1047,0
1048,0
1049,0
1050,0
1051,0
1052,0
1053,0
1054,0
1055,0
1056,0
1057,0
1058,0
1059,0
1060,0
1061,0
1062,0
1063,0
1064,0
1065,0
1066,0
1067,0
1068,0
1069,0
1070,0
1071,0
1072,0
1073,0
1074,0
1075,0
1076,0
1077,0
1078,0
1079,0
1080,0
1081,0
1082,0
1083,0
1084,0
1085,0
1086,0
1087,0
1088,0
1089,0
1090,0
1091,0
1092,0
1093,0
1094,0
1095,0
1096,0
1097,0
1098,0
1099,0
1100,0
1101,0
1102,0
1103,0
1104,0
1105,0
1106,0
1107,0
1108,0
1109,0
1110,0
1111,0
1112,0
1113,0
1114,0
1115,0
1116,0
1117,0
1118,0
1119,0
1120,0
1121,0
1122,0
1123,0
1124,0
1125,0
1126,0
1127,0
1128,0
1129,0
1130,0
1131,0
1132,0
1133,0
1134,0
1135,0
1136,0
1137,0
1138,0
1139,0
1140,0
1141,0
1142,0
1143,0
1144,0
1145,0
1146,0
1147,0
1148,0
1149,0
1150,0
1151,0
1152,0
1153,0
1154,0
1155,0
1156,0
1157,0
1158,0
1159,0
1160,0
1161,0
1162,0
1163,0
1164,0
1165,0
1166,0
1167,0
1168,0
1169,0
1170,0
1171,0
1172,0
1173,0
1174,0
1175,0
1176,0
1177,0
1178,0
1179,0
1180,0
1181,0
1182,0
1183,0
1184,0
1185,0
1186,0
1187,0
1188,0
1189,0
1190,0
1191,0
1192,0
1193,0
1194,0
1195,0
1196,0
1197,0
1198,0
1199,0
1200,0
1201,0
1202,0
1203,0
1204,0
1205,0
1206,0
1207,0
1208,0
1209,0
1210,0
1211,0
1212,0
1213,0
1214,0
1215,0
1216,0
1217,0
1218,0
1219,0
1220,0
1221,0
1222,0
1223,0
1224,0
1225,0
1226,0
1227,0
1228,0
1229,0
1230,0
1231,0
1232,0
1233,0
1234,0
1235,0
1236,0
1237,0
1238,0
1239,0
1240,0
1241,0
1242,0
1243,0
1244,0
1245,0
1246,0
1247,0
1248,0
1249,0
1250,0
1251,0
1252,0
1253,0
1254,0
1255,0
1256,0
1257,0
1258,0
1259,0
1260,0
1261,0
1262,0
1263,0
1264,0
1265,0
1266,0
1267,0
1268,0
1269,0
1270,0
1271,0
1272,0
1273,0
1274,0
1275,0
1276,0
1277,0
1278,0
1279,0
1280,0
1281,0
1282,0
1283,0
1284,0
1285,0
1286,0
1287,0
1288,0
1289,0
1290,0
1291,0
1292,0
1293,0
1294,0
1295,0
1296,0
1297,0
1298,0
1299,0
1300,0
1301,0
1302,0
1303,0
1304,0
1305,0
1306,0
1307,0
1308,0
1309,0
1310,0
1311,0
1312,0
1313,0
1314,0
1315,0
1316,0
1317,0
1318,0
1319,0
1320,0
1321,0
1322,0
1323,0
1324,0
1325,0
1326,0
1327,0
1328,0
1329,0
1330,0
1331,0
1332,0
1333,0
1334,0
1335,0
1336,0
1337,0
1338,0
1339,0
1340,0
1341,0
1342,0
1343,0
1344,0
1345,0
1346,0
1347,0
1348,0
1349,0
1350,0
1351,0
1352,0
1353,0
1354,0
1355,0
1356,0
1357,0
1358,0
1359,0
1360,0
1361,0
1362,0
1363,0
1364,0
1365,0
1366,0
1367,0
1368,0
1369,0
1370,0
1371,0
1372,0
1373,0
1374,0
1375,0
1376,0
1377,0
1378,0
1379,0
1380,0
1381,0
1382,0
1383,0
1384,0
1385,0
1386,0
1387,0
1388,0
1389,0
1390,0
1391,0
1392,0
1393,0
1394,0
1395,0
1396,0
1397,0
1398,0
1399,0
1400,0
1401,0
1402,0
1403,0
1404,0
1405,0
1406,0
1407,0
1408,0
1409,0
1410,0
1411,0
1412,0
1413,0
1414,0
1415,0
1416,0
1417,0
1418,0
1419,0
1420,0
1421,0
1422,0
1423,0
1424,0
1425,0
1426,0
1427,0
1428,0
1429,0
1430,0
1431,0
1432,0
1433,0
1434,0
1435,0
1436,0
1437,0
1438,0
1439,0
1440,0
1441,0
1442,0
1443,0
1444,0
1445,0
1446,0
1447,0
1448,0
1449,0
1450,0
1451,0
1452,0
1453,0
1454,0
1455,0
1456,0
1457,0
1458,0
1459,0
1460,0
1461,0
1462,0
1463,0
1464,0
1465,0
1466,0
1467,0
1468,0
1469,0
1470,0
1471,0
1472,0
1473,0
1474,0
1475,0
1476,0
1477,0
1478,0
1479,0
1480,0
1481,0
1482,0
1483,0
1484,0
1485,0
1486,0
1487,0
1488,0
1489,0
1490,0
1491,0
1492,0
1493,0
1494,0
1495,0
1496,0
1497,0
1498,0
1499,0
1500,0
1501,0
1502,0
1503,0
1504,0
1505,0
1506,0
1507,0
1508,0
1509,0
1510,0
1511,0
1512,0
1513,0
1514,0
1515,0
1516,0
1517,0
1518,0
1519,0
1520,0
1521,0
1522,0
1523,0
1524,0
1525,0
1526,0
1527,0
1528,0
1529,0
1530,0
1531,0
1532,0
1533,0
1534,0
1535,0
1536,0
1537,0
1538,0
1539,0
1540,0
1541,0
1542,0
1543,0
1544,0
1545,0
1546,0
1547,0
1548,0
1549,0
1550,0
1551,0
1552,0
1553,0
1554,0
1555,0
1556,0
1557,0
1558,0
1559,0
1560,0
1561,0
1562,0
1563,0
1564,0
1565,0
1566,0
1567,0
1568,0
1569,0
1570,0
1571,0
1572,0
1573,0
1574,0
1575,0
1576,0
1577,0
1578,0
1579,0
1580,0
1581,0
1582,0
1583,0
1584,0
1585,0
1586,0
1587,0
1588,0
1589,0
1590,0
1591,0
1592,0
1593,0
1594,0
1595,0
1596,0
1597,0
1598,0
1599,0
1600,0
1601,0
1602,0
1603,0
1604,0
1605,0
1606,0
1607,0
1608,0
1609,0
1610,0
1611,0
1612,0
1613,0
1614,0
1615,0
1616,0
1617,0
1618,0
1619,0
1620,0
1621,0
1622,0
1623,0
1624,0
1625,0
1626,0
1627,0
1628,0
1629,0
1630,0
1631,0
1632,0
1633,0
1634,0
1635,0
1636,0
1637,0
1638,0
1639,0
1640,0
1641,0
1642,0
1643,0
1644,0
1645,0
1646,0
1647,0
1648,0
1649,0
1650,0
1651,0
1652,0
1653,0
1654,0
1655,0
1656,0
1657,0
1658,0
1659,0
1660,0
1661,0
1662,0
1663,0
1664,0
1665,0
1666,0
1667,0
1668,0
1669,0
1670,0
1671,0
1672,0
1673,0
1674,0
1675,0
1676,0
1677,0
1678,0
1679,0
1680,0
1681,0
1682,0
1683,0
1684,0
1685,0
1686,0
1687,0
1688,0
1689,0
1690,0
1691,0
1692,0
1693,0
1694,0
1695,0
1696,0
1697,0
1698,0
1699,0
1700,0
1701,0
1702,0
1703,0
1704,0
1705,0
1706,0
1707,0
1708,0
1709,0
1710,0
1711,0
1712,0
1713,0
1714,0
1715,0
1716,0
1717,0
1718,0
1719,0
1720,0
1721,0
1722,0
1723,0
1724,0
1725,0
1726,0
1727,0
1728,0
1729,0
1730,0
1731,0
1732,0
1733,0
1734,0
1735,0
1736,0
1737,0
1738,0
1739,0
1740,0
1741,0
1742,0
1743,0
1744,0
1745,0
1746,0
1747,0
1748,0
1749,0
1750,0
1751,0
1752,0
1753,0
1754,0
1755,0
1756,0
1757,0
1758,0
1759,0
1760,0
1761,0
1762,0
1763,0
1764,0
1765,0
1766,0
1767,0
1768,0
1769,0
1770,0
1771,0
1772,0
1773,0
1774,0
1775,0
1776,0
1777,0
1778,0
1779,0
1780,0
1781,0
1782,0
1783,0
1784,0
1785,0
1786,0
1787,0
1788,0
1789,0
1790,0
1791,0
1792,0
1793,0
1794,0
1795,0
1796,0
1797,0
1798,0
1799,0
1800,0
1801,0
1802,0
1803,0
1804,0
1805,0
1806,0
1807,0
1808,0
1809,0
1810,0
1811,0
1812,0
1813,0
1814,0
1815,0
1816,0
1817,0
1818,0
1819,0
1820,0
1821,0
1822,0
1823,0
1824,0
1825,0
1826,0
1827,0
1828,0
1829,0
1830,0
1831,0
1832,0
1833,0
1834,0
1835,0
1836,0
1837,0
1838,0
1839,0
1840,0
1841,0
1842,0
1843,0
1844,0
1845,0
1846,0
1847,0
1848,0
1849,0
1850,0
1851,0
1852,0
1853,0
1854,0
1855,0
1856,0
1857,0
1858,0
1859,0
1860,0
1861,0
1862,0
1863,0
1864,0
1865,0
1866,0
1867,0
1868,0
1869,0
1870,0
1871,0
1872,0
1873,0
1874,0
1875,0
1876,0
1877,0
1878,0
1879,0
1880,0
1881,0
1882,0
1883,0
1884,0
1885,0
1886,0
1887,0
1888,0
1889,0
1890,0
1891,0
1892,0
1893,0
1894,0
1895,0
1896,0
1897,0
1898,0
1899,0
1900,0
1901,0
1902,0
1903,0
1904,0
1905,0
1906,0
1907,0
1908,0
1909,0
1910,0
1911,0
1912,0
1913,0
1914,0
1915,0
1916,0
1917,0
1918,0
1919,0
1920,0
1921,0
1922,0
1923,0
1924,0
1925,0
1926,0
1927,0
1928,0
1929,0
1930,0
1931,0
1932,0
1933,0
1934,0
1935,0
1936,0
1937,0
1938,0
1939,0
1940,0
1941,0
1942,0
1943,0
1944,0
1945,0
1946,0
1947,0
1948,0
1949,0
1950,0
1951,0
1952,0
1953,0
1954,0
1955,0
1956,0
1957,0
1958,0
1959,0
1960,0
1961,0
1962,0
1963,0
1964,0
1965,0
1966,0
1967,0
1968,0
1969,0
1970,0
1971,0
1972,0
1973,0
1974,0
1975,0
1976,0
1977,0
1978,0
1979,0
1980,0
1981,0
1982,0
1983,0
1984,0
1985,0
1986,0
1987,0
1988,0
1989,0
1990,0
1991,0
1992,0
1993,0
1994,0
1995,0
1996,0
1997,0
1998,0
1999,0
2000,0
2001,0
2002,0
2003,0
2004,0
2005,0
2006,0
2007,0
2008,0
2009,0
2010,0
2011,0
2012,0
2013,0
2014,0
2015,0
2016,0
2017,0
2018,0
2019,0
2020,0
2021,0
2022,0
2023,0
2024,0
2025,0
2026,0
2027,0
2028,0
2029,0
2030,0
2031,0
2032,0
2033,0
2034,0
2035,0
2036,0
2037,0
2038,0
2039,0
2040,0
2041,0
2042,0
2043,0
2044,0
2045,0
2046,0
2047,0
2048,0
2049,0
2050,0
2051,0
2052,0
2053,0
2054,0
2055,0
2056,0
2057,0
2058,0
2059,0
2060,0
2061,0
2062,0
2063,0
2064,0
2065,0
2066,0
2067,0
2068,0
2069,0
2070,0
2071,0
2072,0
2073,0
2074,0
2075,0
2076,0
2077,0
2078,0
2079,0
2080,0
2081,0
2082,0
2083,0
2084,0
2085,0
2086,0
2087,0
2088,0
2089,0
2090,0
2091,0
2092,0
2093,0
2094,0
2095,0
2096,0
2097,0
2098,0
2099,0
2100,0
2101,0
2102,0
2103,0
2104,0
2105,0
2106,0
2107,0
2108,0
2109,0
2110,0
2111,0
2112,0
2113,0
2114,0
2115,0
2116,0
2117,0
2118,0
2119,0
2120,0
2121,0
2122,0
2123,0
2124,0
2125,0
2126,0
2127,0
2128,0
2129,0
2130,0
2131,0
2132,0
2133,0
2134,0
2135,0
2136,0
2137,0
2138,0
2139,0
2140,0
2141,0
2142,0
2143,0
2144,0
2145,0
2146,0
2147,0
2148,0
2149,0
2150,0
2151,0
2152,0
2153,0
2154,0
2155,0
2156,0
2157,0
2158,0
2159,0
2160,0
2161,0
2162,0
2163,0
2164,0
2165,0
2166,0
2167,0
2168,0
2169,0
2170,0
2171,0
2172,0
2173,0
2174,0
2175,0
2176,0
2177,0
2178,0
2179,0
2180,0
2181,0
2182,0
2183,0
2184,0
2185,0
2186,0
2187,0
2188,0
2189,0
2190,0
2191,0
2192,0
2193,0
2194,0
2195,0
2196,0
2197,0
2198,0
2199,0
2200,0
2201,0
2202,0
2203,0
2204,0
2205,0
2206,0
2207,0
2208,0
2209,0
2210,0
2211,0
2212,0
2213,0
2214,0
2215,0
2216,0
2217,0
2218,0
2219,0
2220,0
2221,0
2222,0
2223,0
2224,0
2225,0
2226,0
2227,0
2228,0
2229,0
2230,0
2231,0
2232,0
2233,0
2234,0
2235,0
2236,0
2237,0
2238,0
2239,0
2240,0
2241,0
2242,0
2243,0
2244,0
2245,0
2246,0
2247,0
2248,0
2249,0
2250,0
2251,0
2252,0
2253,0
2254,0
2255,0
2256,0
2257,0
2258,0
2259,0
2260,0
2261,0
2262,0
2263,0
2264,0
2265,0
2266,0
2267,0
2268,0
2269,0
2270,0
2271,0
2272,0
2273,0
2274,0
2275,0
2276,0
2277,0
2278,0
2279,0
2280,0
2281,0
2282,0
2283,0
2284,0
2285,0
2286,0
2287,0
2288,0
2289,0
2290,0
2291,0
2292,0
2293,0
2294,0
2295,0
2296,0
2297,0
2298,0
2299,0
2300,0
2301,0
2302,0
2303,0
2304,0
2305,0
2306,0
2307,0
2308,0
2309,0
2310,0
2311,0
2312,0
2313,0
2314,0
2315,0
2316,0
2317,0
2318,0
2319,0
2320,0
2321,0
2322,0
2323,0
2324,0
2325,0
2326,0
2327,0
2328,0
2329,0
2330,0
2331,0
2332,0
2333,0
2334,0
2335,0
2336,0
2337,0
2338,0
2339,0
2340,0
2341,0
2342,0
2343,0
2344,0
2345,0
2346,0
2347,0
2348,0
2349,0
2350,0
2351,0
2352,0
2353,0
2354,0
2355,0
2356,0
2357,0
2358,0
2359,0
2360,0
2361,0
2362,0
2363,0
2364,0
2365,0
2366,0
2367,0
2368,0
2369,0
2370,0
2371,0
2372,0
2373,0
2374,0
2375,0
2376,0
2377,0
2378,0
2379,0
2380,0
2381,0
2382,0
2383,0
2384,0
2385,0
2386,0
2387,0
2388,0
2389,0
2390,0
2391,0
2392,0
2393,0
2394,0
2395,0
2396,0
2397,0
2398,0
2399,0
2400,0
2401,0
2402,0
2403,0
2404,0
2405,0
2406,0
2407,0
2408,0
2409,0
2410,0
2411,0
2412,0
2413,0
2414,0
2415,0
2416,0
2417,0
2418,0
2419,0
2420,0
2421,0
2422,0
2423,0
2424,0
2425,0
2426,0
2427,0
2428,0
2429,0
2430,0
2431,0
2432,0
2433,0
2434,0
2435,0
2436,0
2437,0
2438,0
2439,0
2440,0
2441,0
2442,0
2443,0
2444,0
2445,0
2446,0
2447,0
2448,0
2449,0
2450,0
2451,0
2452,0
2453,0
2454,0
2455,0
2456,0
2457,0
2458,0
2459,0
2460,0
2461,0
2462,0
2463,0
2464,0
2465,0
2466,0
2467,0
2468,0
2469,0
2470,0
2471,0
2472,0
2473,0
2474,0
2475,0
2476,0
2477,0
2478,0
2479,0
2480,0
2481,0
2482,0
2483,0
2484,0
2485,0
2486,0
2487,0
2488,0
2489,0
2490,0
2491,0
2492,0
2493,0
2494,0
2495,0
2496,0
2497,0
2498,0
2499,0
2500,0
2501,0
2502,0
2503,0
2504,0
2505,0
2506,0
2507,0
2508,0
2509,0
2510,0
2511,0
2512,0
2513,0
2514,0
2515,0
2516,0
2517,0
2518,0
2519,0
2520,0
2521,0
2522,0
2523,0
2524,0
2525,0
2526,0
2527,0
2528,0
2529,0
2530,0
2531,0
2532,0
2533,0
2534,0
2535,0
2536,0
2537,0
2538,0
2539,0
2540,0
2541,0
2542,0
2543,0
2544,0
2545,0
2546,0
2547,0
2548,0
2549,0
2550,0
2551,0
2552,0
2553,0
2554,0
2555,0
2556,0
2557,0
2558,0
2559,0
2560,0
2561,0
2562,0
2563,0
2564,0
2565,0
2566,0
2567,0
2568,0
2569,0
2570,0
2571,0
2572,0
2573,0
2574,0
2575,0
360,3439
361,3442
362,856
363,3457
364,3472
365,3529
366,3570
367,3520
368,33
369,846
370,158
371,3568
372,281
373,1199
374,3559
375,3499
376,3583
377,3469
378,3418
379,3583
380,15
381,637
382,245
383,210
384,1204
385,1208
386,485
387,238
388,3469
389,3404
390,482
391,698
392,724
393,1205
394,1262
395,1408
396,1208
397,482
398,3466
399,3000
400,116
401,3006
402,40
403,3466
404,3427
405,769
406,3430
407,1263
408,1208
409,783
410,3461
411,605
412,3404
413,2945
414,3462
415,2218
416,521
417,3466
418,683
419,1415
420,485
421,1026
422,3427
423,3427
424,481
425,521
426,3466
427,3466
428,3427
429,3466
430,1263
431,3427
432,3466
433,3427
434,562
435,3469
436,2713
437,3424
438,3427
439,3418
440,1204
441,218
442,3567
443,547
444,3469
445,3396
446,3469
447,3567
448,100
449,264
450,118
451,3469
452,3469
453,864
454,3567
455,2582
456,1300
457,0
458,1920
459,3470
460,562
461,1415
462,3469
463,3567
464,3430
465,3568
466,257
467,605
468,3112
469,1415
470,1262
471,869
472,3568
473,15
474,3466
475,210
476,3568
477,133
478,158
479,2379
480,3466
481,1499
482,1205
483,3424
484,2379
485,3424
486,3469
487,3466
488,3404
489,3568
490,3469
491,1263
492,3427
493,3466
494,3469
495,3568
496,3469
497,1204
498,3414
499,1139
500,158
501,2914
502,3427
503,3470
504,2410
505,479
506,480
507,3427
508,783
509,3466
510,1
511,1408
512,3469
513,1263
514,3466
515,561
516,3427
517,2218
518,478
519,1263
520,3427
521,1264
522,3000
523,3000
524,1260
525,1408
526,1026
527,536
528,3466
529,158
530,158
531,1206
532,2410
533,3469
534,3469
535,567
536,482
537,1205
538,3469
539,5
540,675
541,676
542,218
543,745
544,562
545,103
546,2820
547,911
548,3427
549,1208
550,2814
551,116
552,3466
553,1684
554,15
555,794
556,3427
557,3550
558,3550
559,1417
560,676
561,3427
562,3427
563,3550
564,238
565,3469
566,1320
567,1263
568,3466
569,698
570,522
571,2218
572,3466
573,1464
574,783
575,3466
576,2379
577,1037
578,3466
579,3427
580,562
581,3471
582,1263
583,3466
584,92
585,3427
586,3466
587,284
588,40
589,3427
590,3567
591,1262
592,1204
593,1263
594,3568
595,3469
596,3466
597,3568
598,15
599,3577
600,3466
601,1329
602,3427
603,3424
604,3427
605,2546
606,3369
607,121
608,1684
609,3558
610,1499
611,3559
612,3559
613,3567
614,480
615,3398
616,1742
617,3558
618,3558
619,3558
620,3558
621,65
622,1684
623,3567
624,3469
625,828
626,3466
627,3469
628,3469
629,3424
630,3475
631,3466
632,1031
633,478
634,1263
635,1205
636,3568
637,3469
638,1204
639,245
640,1449
641,566
642,3427
643,2162
644,40
645,909
646,561
647,3469
648,698
649,1684
650,546
651,1162
652,1205
653,703
654,1515
655,3466
656,3427
657,3466
658,909
659,783
660,158
661,1205
662,562
663,540
664,1499
665,3502
666,711
667,2887
668,675
669,3502
670,3501
671,3553
672,3427
673,3462
674,1398
675,1499
676,521
677,3469
678,3469
679,1022
680,1417
681,3466
682,3427
683,1449
684,396
685,902
686,3466
687,3466
688,3466
689,735
690,158
691,562
692,3466
693,2976
694,3502
695,3462
696,3469
697,245
698,3466
699,3496
700,1449
701,916
702,2886
703,566
704,2162
705,3466
706,698
707,711
708,1515
709,3195
710,2162
711,561
712,158
713,3000
714,1263
715,674
716,3002
717,2162
718,3469
719,733
720,3466
721,3469
722,3471
723,1263
724,3466
725,3469
726,3002
727,3466
728,3430
729,2162
730,521
731,482
732,158
733,3466
734,3469
735,916
736,2410
737,3466
738,3394
739,1499
740,869
741,3568
742,1975
743,1204
744,245
745,3427
746,1449
747,1408
748,1208
749,3466
750,3430
751,270
752,158
753,3466
754,3466
755,3430
756,3466
757,6
758,1467
759,293
760,2203
761,1415
762,270
763,3427
764,218
765,745
766,479
767,3427
768,218
769,3466
770,270
771,3427
772,479
773,2410
774,3135
775,3427
776,3427
777,562
778,847
779,273
780,3466
781,522
782,3427
783,210
784,238
785,1515
786,3427
787,1262
788,293
789,2203
790,3469
791,1208
792,270
793,1026
794,2440
795,3466
796,3469
797,235
798,478
799,277
800,257
801,3427
802,479
803,3466
804,3427
805,3466
806,3466
807,3466
808,1515
809,3466
810,3466
811,3466
812,745
813,75
814,264
815,3461
816,3427
817,3424
818,3568
819,3559
820,3373
821,1130
822,131
823,641
824,3567
825,1355
826,2625
827,3567
828,562
829,485
830,480
831,711
832,2814
833,546
834,131
835,3568
836,769
837,711
838,3568
839,218
840,270
841,3568
842,218
843,1923
844,3469
845,3469
846,3373
847,3559
848,3469
849,1208
850,1262
851,1300
852,783
853,566
854,2886
855,2944
856,3568
857,1815
858,3424
859,270
860,3000
861,676
862,3427
863,1449
864,698
865,88
866,158
867,562
868,1204
869,1839
870,158
871,3427
872,1263
873,3568
874,133
875,1699
876,145
877,857
878,3427
879,3427
880,1205
881,1757
882,1815
883,3427
884,3182
885,567
886,3568
887,1923
888,879
889,3568
890,3466
891,15
892,1502
893,3568
894,15
895,3430
896,3430
897,1260
898,157
899,3568
900,745
901,3568
902,3568
903,2379
904,848
905,3430
906,131
907,3568
908,3568
909,88
910,3466
911,3466
912,3427
913,3424
914,958
915,3466
916,3466
917,3568
918,567
919,3466
920,158
921,3568
922,1815
923,3562
924,145
925,3427
926,3469
927,1263
928,3568
929,1815
930,3562
931,145
932,1206
933,1205
934,5
935,703
936,567
937,2945
938,1321
939,1379
940,1757
941,1815
942,3567
943,87
944,698
945,270
946,393
947,1147
948,219
949,741
950,799
951,3427
952,1264
953,763
954,482
955,3496
956,817
957,45
958,3466
959,29
960,3466
961,3466
962,961
963,88
964,2546
965,676
966,915
967,3427
968,1469
969,3466
970,1037
971,689
972,3466
973,149
974,3466
975,674
976,3466
977,3568
978,3466
979,2481
980,3427
981,3475
982,3562
983,88
984,1923
985,1299
986,299
987,1264
988,2539
989,3427
990,1469
991,3466
992,1037
993,689
994,3466
995,3568
996,3466
997,3568
998,3466
999,3568
1000,3466
1001,857
1002,3427
1003,911
1004,88
1005,916
1006,3466
1007,2655
1008,45
1009,3427
1010,1469
1011,373
1012,689
1013,1037
1014,3466
1015,3568
1016,3466
1017,3568
1018,3466
1019,3568
1020,3466
1021,3427
1022,1515
1023,3414
1024,2643
1025,257
1026,161
1027,1843
1028,2887
1029,1139
1030,887
1031,3427
1032,373
1033,885
1034,879
1035,3427
1036,3427
1037,373
1038,3427
1039,373
1040,1799
1041,3427
1042,3427
1043,3427
1044,257
1045,1727
1046,3427
1047,218
1048,45
1049,2887
1050,1139
1051,887
1052,3427
1053,373
1054,885
1055,879
1056,3427
1057,3427
1058,373
1059,3427
1060,373
1061,1799
1062,3427
1063,3427
1064,1411
1065,3427
1066,257
1067,3466
1068,2597
1069,2887
1070,2410
1071,1224
1072,90
1073,3427
1074,1325
1075,1139
1076,15
1077,131
1078,1813
1079,99
1080,158
1081,3369
1082,3427
1083,3466
1084,1250
1085,284
1086,1908
1087,3427
1088,1250
1089,218
1090,825
1091,1154
1092,3466
1093,3427
1094,680
1095,3466
1096,3466
1097,3466
1098,1325
1099,1723
1100,257
1101,3466
1102,3466
1103,3396
1104,3469
1105,3469
1106,1697
1107,99
1108,158
1109,3369
1110,3427
1111,3466
1112,1250
1113,3466
1114,1325
1115,1723
1116,1806
1117,3466
1118,3369
1119,769
1120,99
1121,3427
1122,769
1123,2451
1124,3466
1125,99
1126,3466
1127,3466
1128,1325
1129,3466
1130,3466
1131,3427
1132,99
1133,1723
1134,257
1135,3466
1136,3466
1137,3396
1138,3469
1139,3469
1140,158
1141,3369
1142,3427
1143,3466
1144,1250
1145,284
1146,796
1147,3502
1148,3427
1149,3427
1150,680
1151,3466
1152,3466
1153,1325
1154,3369
1155,3427
1156,1923
1157,15
1158,1325
1159,99
1160,99
1161,3427
1162,3466
1163,674
1164,3427
1165,257
1166,3427
1167,257
1168,3427
1169,2887
1170,915
1171,2539
1172,857
1173,2887
1174,3427
1175,3427
1176,3466
1177,3003
1178,3061
1179,3466
1180,958
1181,3568
1182,3427
1183,3466
1184,799
1185,2655
1186,45
1187,1843
1188,3466
1189,3568
1190,825
1191,2887
1192,3427
1193,1139
1194,3227
1195,210
1196,3427
1197,3427
1198,1139
1199,342
1200,123
1201,99
1202,15
1203,158
1204,15
1205,1908
1206,99
1207,123
1208,29
1209,15
1210,99
1211,3227
1212,284
1213,284
1214,3369
1215,282
1216,15
1217,158
1218,1325
1219,2887
1220,3427
1221,1139
1222,3227
1223,210
1224,3427
1225,3427
1226,3427
1227,3466
1228,99
1229,2990
1230,3022
1231,92
1232,3427
1233,3427
1234,3427
1235,99
1236,2990
1237,158
1238,3427
1239,257
1240,3466
1241,110
1242,3022
1243,1802
1244,872
1245,3427
1246,1723
1247,3427
1248,3427
1249,3427
1250,3427
1251,3466
1252,1204
1253,1325
1254,803
1255,2829
1256,1901
1257,3427
1258,3496
1259,3577
1260,3466
1261,1515
1262,3466
1263,3466
1264,674
1265,3427
1266,3466
1267,961
1268,282
1269,3466
1270,88
1271,3427
1272,3466
1273,3568
1274,961
1275,3466
1276,282
1277,1495
1278,3427
1279,1204
1280,1139
1281,2546
1282,88
1283,257
1284,3427
1285,3466
1286,1495
1287,741
1288,799
1289,3427
1290,3466
1291,149
1292,961
1293,88
1294,2546
1295,915
1296,3427
1297,1469
1298,3466
1299,1037
1300,689
1301,680
1302,3466
1303,3568
1304,3466
1305,680
1306,3466
1307,3568
1308,3424
1309,929
1310,3080
1311,3466
1312,3466
1313,2481
1314,3427
1315,257
1316,146
1317,2640
1318,480
1319,3475
1320,88
1321,1923
1322,2640
1323,3466
1324,299
1325,2539
1326,3427
1327,1469
1328,3466
1329,1037
1330,689
1331,3466
1332,3568
1333,3466
1334,3466
1335,3466
1336,857
1337,3427
1338,911
1339,88
1340,916
1341,3466
1342,2655
1343,45
1344,3427
1345,2
1346,3466
1347,15
1348,59
1349,3427
1350,1515
1351,3414
1352,2643
1353,257
1354,161
1355,1843
1356,2887
1357,1139
1358,887
1359,3427
1360,373
1361,885
1362,879
1363,3427
1364,3427
1365,373
1366,3427
1367,373
1368,1799
1369,3427
1370,3427
1371,3427
1372,257
1373,1727
1374,3427
1375,2423
1376,45
1377,2597
1378,2887
1379,2410
1380,1224
1381,90
1382,3427
1383,3466
1384,1139
1385,15
1386,131
1387,1813
1388,99
1389,158
1390,3369
1391,3427
1392,3466
1393,1250
1394,3466
1395,1325
1396,1723
1397,257
1398,3466
1399,3466
1400,3396
1401,3469
1402,3469
1403,99
1404,3466
1405,3466
1406,3502
1407,373
1408,99
1409,158
1410,3369
1411,3427
1412,3466
1413,1250
1414,284
1415,1908
1416,3427
1417,1250
1418,825
1419,1154
1420,3466
1421,3427
1422,680
1423,3466
1424,3466
1425,1325
1426,3466
1427,887
1428,1723
1429,257
1430,3466
1431,3466
1432,3396
1433,3469
1434,3469
1435,3369
1436,3427
1437,1923
1438,15
1439,1325
1440,99
1441,99
1442,3427
1443,3466
1444,1038
1445,3427
1446,257
1447,3427
1448,257
1449,1325
1450,2887
1451,1139
1452,887
1453,3427
1454,373
1455,885
1456,879
1457,3427
1458,3427
1459,373
1460,3427
1461,373
1462,1799
1463,3427
1464,3427
1465,1411
1466,3427
1467,257
1468,3427
1469,1264
1470,257
1471,1333
1472,3466
1473,2423
1474,238
1475,238
1476,3427
1477,3466
1478,282
1479,146
1480,3427
1481,3496
1482,3577
1483,88
1484,2546
1485,1264
1486,3427
1487,393
1488,88
1489,1515
1490,1264
1491,3466
1492,2677
1493,1264
1494,916
1495,1684
1496,887
1497,885
1498,879
1499,393
1500,1147
1501,219
1502,741
1503,799
1504,45
1505,1727
1506,2423
1507,3466
1508,149
1509,915
1510,2411
1511,3373
1512,1469
1513,1037
1514,689
1515,1224
1516,3416
1517,3466
1518,3583
1519,158
1520,1251
1521,3466
1522,958
1523,3466
1524,958
1525,210
1526,8
1527,1251
1528,1802
1529,2419
1530,9
1531,3466
1532,3496
1533,958
1534,3466
1535,2990
1536,3466
1537,3466
1538,3466
1539,3466
1540,3466
1541,3466
1542,3414
1543,149
1544,735
1545,1224
1546,3373
1547,3466
1548,3583
1549,3466
1550,3466
1551,3466
1552,1293
1553,2597
1554,1502
1555,3003
1556,756
1557,3373
1558,116
1559,2887
1560,9
1561,3466
1562,3583
1563,3427
1564,3427
1565,3559
1566,1711
1567,3559
1568,3466
1569,3427
1570,1293
1571,735
1572,3427
1573,15
1574,3466
1575,3568
1576,2539
1577,2411
1578,3373
1579,1469
1580,1037
1581,689
1582,1224
1583,3416
1584,3466
1585,3583
1586,158
1587,1251
1588,3466
1589,149
1590,958
1591,3466
1592,958
1593,3466
1594,958
1595,2990
1596,3466
1597,3466
1598,3466
1599,3466
1600,3466
1601,3466
1602,149
1603,735
1604,1224
1605,3466
1606,3373
1607,3466
1608,3583
1609,3466
1610,3466
1611,857
1612,1502
1613,735
1614,3427
1615,3466
1616,3466
1617,3466
1618,3003
1619,3568
1620,3003
1621,756
1622,99
1623,680
1624,3466
1625,3466
1626,522
1627,3466
1628,3466
1629,3466
1630,2887
1631,3466
1632,3427
1633,9
1634,3466
1635,3583
1636,3427
1637,3427
1638,3559
1639,3466
1640,2887
1641,2411
1642,735
1643,1224
1644,3373
1645,3466
1646,3583
1647,3466
1648,1015
1649,3466
1650,210
1651,3466
1652,3568
1653,3373
1654,3466
1655,3562
1656,1469
1657,1037
1658,689
1659,1224
1660,3466
1661,958
1662,2990
1663,3466
1664,405
1665,3466
1666,3466
1667,3466
1668,3466
1669,2990
1670,1224
1671,3427
1672,3427
1673,3195
1674,3427
1675,270
1676,915
1677,1711
1678,2597
1679,3466
1680,958
1681,1785
1682,103
1683,161
1684,2423
1685,2539
1686,857
1687,2887
1688,3466
1689,3469
1690,2990
1691,1532
1692,3427
1693,3466
1694,2591
1695,3466
1696,3466
1697,3466
1698,218
1699,3466
1700,958
1701,3466
1702,158
1703,2481
1704,2539
1705,857
1706,300
1707,674
1708,822
1709,3003
1710,3466
1711,958
1712,2990
1713,2887
1714,3427
1715,1532
1716,745
1717,1325
1718,3466
1719,3469
1720,803
1721,3466
1722,3469
1723,1557
1724,15
1725,49
1726,3466
1727,3469
1728,3
1729,3427
1730,17
1731,851
1732,1224
1733,3022
1734,2887
1735,9
1736,1532
1737,3195
1738,1513
1739,745
1740,1325
1741,803
1742,1557
1743,571
1744,1209
1745,49
1746,919
1747,165
1748,919
1749,1806
1750,3427
1751,3427
1752,2891
1753,49
1754,158
1755,165
1756,15
1757,996
1758,2582
1759,158
1760,1209
1761,49
1762,919
1763,2412
1764,3427
1765,2411
1766,1731
1767,977
1768,3466
1769,1789
1770,2412
1771,3427
1772,2411
1773,1
1774,785
1775,3427
1776,3466
1777,165
1778,2412
1779,2411
1780,3427
1781,919
1782,1789
1783,3466
1784,2412
1785,3427
1786,2411
1787,2412
1788,3427
1789,2411
1790,2412
1791,158
1792,15
1793,158
1794,680
1795,3427
1796,3559
1797,3427
1798,3559
1799,3427
1800,3559
1801,3427
1802,3559
1803,3466
1804,3214
1805,3427
1806,763
1807,3427
1808,158
1809,1325
1810,803
1811,785
1812,3427
1813,158
1814,1532
1815,3466
1816,745
1817,1325
1818,145
1819,342
1820,483
1821,1714
1822,3427
1823,803
1824,1291
1825,851
1826,1026
1827,3427
1828,3427
1829,3427
1830,145
1831,1291
1832,996
1833,1264
1834,2395
1835,2411
1836,851
1837,2395
1838,911
1839,2887
1840,2408
1841,735
1842,648
1843,2887
1844,3466
1845,3466
1846,1264
1847,2395
1848,2411
1849,851
1850,2395
1851,911
1852,2887
1853,2408
1854,735
1855,2887
1856,1206
1857,3427
1858,3427
1859,3466
1860,958
1861,2887
1862,3466
1863,958
1864,9
1865,1532
1866,996
1867,3195
1868,99
1869,15
1870,3427
1871,3469
1872,1325
1873,996
1874,3466
1875,3466
1876,803
1877,123
1878,745
1879,3466
1880,158
1881,1315
1882,1320
1883,3003
1884,15
1885,1532
1886,745
1887,2887
1888,3003
1889,3466
1890,958
1891,2887
1892,3466
1893,958
1894,3466
1895,2411
1896,3466
1897,958
1898,2887
1899,3466
1900,958
1901,3466
1902,958
1903,3466
1904,958
1905,2539
1906,857
1907,2887
1908,15
1909,911
1910,3427
1911,3427
1912,3466
1913,3466
1914,2411
1915,3003
1916,3466
1917,2411
1918,3466
1919,3466
1920,958
1921,3405
1922,2539
1923,857
1924,2887
1925,15
1926,911
1927,3427
1928,3427
1929,1026
1930,8
1931,480
1932,3466
1933,2411
1934,3003
1935,3466
1936,2411
1937,3466
1938,3466
1939,958
1940,2411
1941,3396
1942,90
1943,3466
1944,3469
1945,145
1946,3427
1947,15
1948,3427
1949,3427
1950,3466
1951,158
1952,3466
1953,3427
1954,2597
1955,1785
1956,3466
1957,103
1958,3427
1959,2539
1960,3427
1961,1264
1962,15
1963,1022
1964,8
1965,3003
1966,3466
1967,2887
1968,3427
1969,3427
1970,680
1971,90
1972,3
1973,3466
1974,674
1975,3466
1976,3583
1977,958
1978,3466
1979,149
1980,3562
1981,90
1982,3466
1983,3110
1984,3562
1985,1023
1986,3568
1987,3
1988,3466
1989,3466
1990,958
1991,161
1992,1224
1993,2990
1994,2395
1995,1139
1996,562
1997,342
1998,284
1999,3466
2000,3568
2001,958
2002,116
2003,15
2004,99
2005,3466
2006,123
2007,145
2008,3466
2009,3466
2010,2024
2011,3427
2012,1908
2013,3427
2014,158
2015,3466
2016,958
2017,116
2018,15
2019,2411
2020,3502
2021,2162
2022,3466
2023,769
2024,522
2025,131
2026,2024
2027,3466
2028,958
2029,674
2030,3466
2031,676
2032,958
2033,15
2034,3466
2035,958
2036,284
2037,769
2038,92
2039,131
2040,284
2041,2408
2042,3466
2043,3427
2044,123
2045,2410
2046,3466
2047,787
2048,958
2049,3466
2050,270
2051,32
2052,1806
2053,1799
2054,3466
2055,958
2056,3466
2057,158
2058,958
2059,3466
2060,149
2061,958
2062,3466
2063,2024
2064,2408
2065,3466
2066,958
2067,32
2068,116
2069,1515
2070,3466
2071,958
2072,1266
2073,3466
2074,958
2075,3466
2076,958
2077,123
2078,3466
2079,958
2080,1515
2081,3466
2082,958
2083,825
2084,1908
2085,283
2086,2023
2087,3466
2088,958
2089,1907
2090,3466
2091,958
2092,281
2093,2021
2094,3466
2095,958
2096,1905
2097,3466
2098,958
2099,99
2100,3466
2101,157
2102,3466
2103,281
2104,2021
2105,3466
2106,958
2107,1905
2108,3466
2109,958
2110,3466
2111,3466
2112,1154
2113,400
2114,3466
2115,218
2116,373
2117,785
2118,3475
2119,3466
2120,3427
2121,3466
2122,3469
2123,3466
2124,149
2125,958
2126,373
2127,99
2128,158
2129,3466
2130,3466
2131,958
2132,1250
2133,3466
2134,2411
2135,3466
2136,158
2137,99
2138,1723
2139,3466
2140,1258
2141,3502
2142,3502
2143,157
2144,158
2145,711
2146,711
2147,158
2148,711
2149,711
2150,3466
2151,1908
2152,3466
2153,3568
2154,958
2155,680
2156,283
2157,281
2158,3466
2159,2021
2160,3466
2161,676
2162,158
2163,3466
2164,850
2165,2023
2166,3466
2167,850
2168,3466
2169,676
2170,158
2171,283
2172,281
2173,3466
2174,2021
2175,3466
2176,257
2177,158
2178,3466
2179,1325
2180,2023
2181,3466
2182,158
2183,3466
2184,1325
2185,1813
2186,32
2187,3398
2188,3466
2189,1950
2190,99
2191,3466
2192,157
2193,99
2194,3466
2195,3466
2196,1697
2197,943
2198,3466
2199,270
2200,218
2201,284
2202,2408
2203,3466
2204,123
2205,123
2206,2410
2207,3466
2208,149
2209,3466
2210,1532
2211,32
2212,1806
2213,1799
2214,3466
2215,158
2216,3466
2217,149
2218,3466
2219,149
2220,3466
2221,2024
2222,2408
2223,32
2224,116
2225,1515
2226,3466
2227,958
2228,1266
2229,3466
2230,958
2231,3466
2232,3568
2233,958
2234,123
2235,3466
2236,1515
2237,3466
2238,825
2239,3466
2240,1908
2241,1154
2242,373
2243,99
2244,158
2245,3466
2246,3466
2247,958
2248,3466
2249,2411
2250,3466
2251,400
2252,3466
2253,373
2254,785
2255,479
2256,3502
2257,1028
2258,480
2259,480
2260,3466
2261,3466
2262,958
2263,283
2264,281
2265,3466
2266,2021
2267,3466
2268,149
2269,1905
2270,99
2271,3502
2272,522
2273,1802
2274,3466
2275,3466
2276,1325
2277,157
2278,711
2279,3466
2280,2023
2281,3466
2282,1907
2283,281
2284,99
2285,3502
2286,522
2287,1802
2288,3466
2289,3466
2290,1325
2291,157
2292,711
2293,2021
2294,3466
2295,1905
2296,99
2297,158
2298,3466
2299,8
2300,157
2301,8
2302,3427
2303,3466
2304,3466
2305,3466
2306,3466
2307,1908
2308,680
2309,283
2310,281
2311,3466
2312,2021
2313,3466
2314,3466
2315,1325
2316,2023
2317,3466
2318,3466
2319,1325
2320,283
2321,281
2322,3466
2323,2021
2324,3466
2325,3466
2326,1
2327,2023
2328,3466
2329,3466
2330,1
2331,3466
2332,3568
2333,32
2334,210
2335,1557
2336,676
2337,238
2338,1557
2339,675
2340,270
2341,3398
2342,3466
2343,99
2344,3466
2345,157
2346,131
2347,284
2348,3466
2349,958
2350,3466
2351,1697
2352,2411
2353,943
2354,3427
2355,3427
2356,3496
2357,99
2358,1723
2359,2008
2360,284
2361,3466
2362,270
2363,158
2364,1325
2365,3466
2366,3466
2367,3466
2368,479
2369,158
2370,1028
2371,3466
2372,3466
2373,3466
2374,2940
2375,3502
2376,3466
2377,958
2378,2582
2379,3427
2380,29
2381,3427
2382,3466
2383,211
2384,15
2385,769
2386,131
2387,342
2388,284
2389,3466
2390,958
2391,2024
2392,2412
2393,2408
2394,3466
2395,825
2396,116
2397,1154
2398,680
2399,3427
2400,3466
2401,958
2402,3427
2403,3466
2404,373
2405,2410
2406,145
2407,1515
2408,825
2409,3466
2410,1908
2411,3466
2412,958
2413,3427
2414,825
2415,3466
2416,1966
2417,3466
2418,210
2419,1146
2420,3466
2421,958
2422,3466
2423,958
2424,3466
2425,958
2426,1299
2427,1333
2428,3466
2429,1028
2430,3466
2431,3466
2432,3466
2433,825
2434,1966
2435,210
2436,3466
2437,958
2438,3466
2439,958
2440,522
2441,680
2442,3466
2443,900
2444,3466
2445,958
2446,3427
2447,3466
2448,958
2449,3466
2450,958
2451,1908
2452,3466
2453,283
2454,958
2455,116
2456,562
2457,92
2458,2410
2459,1502
2460,1515
2461,3466
2462,958
2463,687
2464,3466
2465,958
2466,643
2467,3466
2468,958
2469,689
2470,3466
2471,958
2472,667
2473,3466
2474,958
2475,3414
2476,671
2477,3466
2478,958
2479,693
2480,3466
2481,958
2482,642
2483,657
2484,3466
2485,958
2486,210
2487,1146
2488,3466
2489,958
2490,3466
2491,958
2492,3466
2493,958
2494,3466
2495,958
2496,210
2497,145
2498,299
2499,1515
2500,3466
2501,958
2502,2411
2503,2546
2504,3466
2505,958
2506,3466
2507,958
2508,3466
2509,958
2510,1028
2511,3466
2512,825
2513,3466
2514,825
2515,3466
2516,540
2517,2408
2518,123
2519,1146
2520,3466
2521,958
2522,3466
2523,958
2524,1146
2525,1515
2526,3466
2527,958
2528,184
2529,238
2530,470
2531,3466
2532,238
2533,226
2534,3427
2535,400
2536,3427
2537,2546
2538,522
2539,3427
2540,257
2541,1515
2542,373
2543,2546
2544,3466
2545,958
2546,3466
2547,958
2548,3466
2549,958
2550,3466
2551,958
2552,1146
2553,3466
2554,958
2555,145
2556,1515
2557,958
2558,3466
2559,1028
2560,3427
2561,3469
2562,2411
2563,3466
2564,958
2565,3466
2566,958
2567,3466
2568,3469
2569,1028
2570,3466
2571,958
2572,3466
2573,958
2574,3466
2575,958
2576,911
2577,1923
2578,210
2579,3466
2580,958
2581,689
2582,3466
2583,958
2584,671
2585,687
2586,643
2587,667
2588,693
2589,642
2590,657
2591,3466
2592,958
2593,3466
2594,958
2595,3466
2596,958
2597,3466
2598,958
2599,3466
